{"cameraMode":{"drawMode":0,"name":"Shaded","section":"Shading Mode"},"sceneLighting":true,"audioPlay":false,"sceneViewState":{"showFog":false,"showMaterialUpdate":false,"showSkybox":false,"showFlares":false,"showImageEffects":false,"showParticleSystems":false},"in2DMode":false,"pivot":{"x":5.4506378173828129,"y":6.5730485916137699,"z":1.5139811038970948},"rotation":{"x":-0.1368127316236496,"y":-0.7800309062004089,"z":0.5824646353721619,"w":-0.1832185834646225},"size":25.717361450195314,"orthographic":false}