{"cameraMode":{"drawMode":0,"name":"Shaded","section":"Shading Mode"},"sceneLighting":true,"audioPlay":false,"sceneViewState":{"showFog":false,"showMaterialUpdate":false,"showSkybox":false,"showFlares":false,"showImageEffects":false,"showParticleSystems":false},"in2DMode":false,"pivot":{"x":1.6900652647018433,"y":0.17500782012939454,"z":0.37787628173828127},"rotation":{"x":0.20249491930007935,"y":-0.1506199687719345,"z":0.03153658285737038,"w":0.9671168327331543},"size":30.295995712280275,"orthographic":false}