{"cameraMode":{"drawMode":0,"name":"Shaded","section":"Shading Mode"},"sceneLighting":true,"audioPlay":false,"sceneViewState":{"showFog":false,"showMaterialUpdate":false,"showSkybox":false,"showFlares":false,"showImageEffects":false,"showParticleSystems":false},"in2DMode":false,"pivot":{"x":3.907777786254883,"y":3.946375846862793,"z":2.819629669189453},"rotation":{"x":0.20249491930007935,"y":-0.1506199687719345,"z":0.03153658285737038,"w":0.9671168327331543},"size":32.9405632019043,"orthographic":false}