{"cameraMode":{"drawMode":0,"name":"Shaded","section":"Shading Mode"},"sceneLighting":false,"audioPlay":false,"sceneViewState":{"showFog":true,"showMaterialUpdate":true,"showSkybox":true,"showFlares":true,"showImageEffects":true,"showParticleSystems":true},"in2DMode":false,"pivot":{"x":4.674152374267578,"y":7.206265449523926,"z":5.93228006362915},"rotation":{"x":-0.1536366045475006,"y":0.7541173696517944,"z":-0.19006802141666413,"w":-0.6095711588859558},"size":10.832422256469727,"orthographic":false}