{"cameraMode":{"drawMode":0,"name":"Shaded","section":"Shading Mode"},"sceneLighting":false,"audioPlay":false,"sceneViewState":{"showFog":true,"showMaterialUpdate":true,"showSkybox":true,"showFlares":true,"showImageEffects":true,"showParticleSystems":true},"in2DMode":false,"pivot":{"x":0.09707745909690857,"y":3.406886339187622,"z":4.303425312042236},"rotation":{"x":0.102458156645298,"y":-0.6823561787605286,"z":0.09748107939958573,"w":0.7172096967697144},"size":10.309714317321778,"orthographic":false}