{"cameraMode":{"drawMode":0,"name":"Shaded","section":"Shading Mode"},"sceneLighting":false,"audioPlay":false,"sceneViewState":{"showFog":true,"showMaterialUpdate":true,"showSkybox":true,"showFlares":true,"showImageEffects":true,"showParticleSystems":true},"in2DMode":false,"pivot":{"x":4.1480231285095219,"y":0.545196533203125,"z":5.793287754058838},"rotation":{"x":-0.21470661461353303,"y":0.43401023745536806,"z":-0.10731365531682968,"w":-0.8683432936668396},"size":10.084091186523438,"orthographic":false}