{"cameraMode":{"drawMode":0,"name":"Shaded","section":"Shading Mode"},"sceneLighting":true,"audioPlay":false,"sceneViewState":{"showFog":true,"showMaterialUpdate":false,"showSkybox":true,"showFlares":true,"showImageEffects":true,"showParticleSystems":true},"in2DMode":false,"pivot":{"x":1.6065702438354493,"y":3.1603622436523439,"z":0.5477023124694824},"rotation":{"x":-0.14339131116867066,"y":0.7649943232536316,"z":-0.18259947001934052,"w":-0.6007328629493713},"size":5.5105719566345219,"orthographic":false}